,user_id,time,0,date,date_hms
68,112197,2021-11-12T18:54:17Z,2021-11-13 12:28:48.000000000,2021-11-12 00:00:00.000000000,2021-11-12 18:54:17.000000000
74,107445,2021-11-12T20:27:32Z,2021-12-18 19:12:00.000000000,2021-11-12 00:00:00.000000000,2021-11-12 20:27:32.000000000
69,112197,2021-11-12T18:56:24Z,2021-11-13 12:28:48.000000000,2021-11-12 00:00:00.000000000,2021-11-12 18:56:24.000000000
44,112076,2021-11-12T17:50:36Z,2021-12-05 08:38:23.999999999,2021-11-12 00:00:00.000000000,2021-11-12 17:50:36.000000000
45,112076,2021-11-12T21:11:05Z,2021-11-23 14:24:00.000000000,2021-11-12 00:00:00.000000000,2021-11-12 21:11:05.000000000
73,107445,2021-11-12T20:27:04Z,2021-12-24 16:19:12.000000000,2021-11-12 00:00:00.000000000,2021-11-12 20:27:04.000000000
20,112033,2021-11-12T17:48:02Z,2021-11-22 18:14:24.000000000,2021-11-12 00:00:00.000000000,2021-11-12 17:48:02.000000000
5,109742,2021-11-12T21:11:56Z,2022-01-17 04:48:00.000000000,2021-11-12 00:00:00.000000000,2021-11-12 21:11:56.000000000
67,112197,2021-11-12T18:51:00Z,2021-11-16 00:57:36.000000000,2021-11-12 00:00:00.000000000,2021-11-12 18:51:00.000000000
62,117502,2021-11-12T19:20:59Z,2021-12-22 03:50:24.000000000,2021-11-12 00:00:00.000000000,2021-11-12 19:20:59.000000000
6,109742,2021-11-12T21:17:35Z,2022-01-27 06:43:12.000000000,2021-11-12 00:00:00.000000000,2021-11-12 21:17:35.000000000
25,119942,2021-11-13T13:48:10Z,2021-11-12 16:19:12.000000000,2021-11-13 00:00:00.000000000,2021-11-13 13:48:10.000000000
24,119478,2021-11-13T01:09:41Z,2021-11-21 01:55:12.000000000,2021-11-13 00:00:00.000000000,2021-11-13 01:09:41.000000000
48,112076,2021-11-13T17:04:48Z,2021-11-26 02:52:48.000000000,2021-11-13 00:00:00.000000000,2021-11-13 17:04:48.000000000
47,112076,2021-11-13T09:02:52Z,2021-11-30 07:40:48.000000000,2021-11-13 00:00:00.000000000,2021-11-13 09:02:52.000000000
46,112076,2021-11-13T01:02:12Z,2021-12-11 05:45:36.000000000,2021-11-13 00:00:00.000000000,2021-11-13 01:02:12.000000000
37,116023,2021-11-13T19:08:40Z,2022-01-03 18:14:24.000000000,2021-11-13 00:00:00.000000000,2021-11-13 19:08:40.000000000
76,114156,2021-11-13T05:56:34Z,2021-12-14 14:24:00.000000000,2021-11-13 00:00:00.000000000,2021-11-13 05:56:34.000000000
36,111856,2021-11-13T12:07:08Z,2021-12-01 03:50:24.000000000,2021-11-13 00:00:00.000000000,2021-11-13 12:07:08.000000000
22,117522,2021-11-13T00:18:23Z,2021-11-30 07:40:48.000000000,2021-11-13 00:00:00.000000000,2021-11-13 00:18:23.000000000
28,120032,2021-11-14T23:32:47Z,2022-01-16 08:38:24.000000000,2021-11-14 00:00:00.000000000,2021-11-14 23:32:47.000000000
0,115866,2021-11-14T23:12:25Z,2021-12-12 01:55:12.000000000,2021-11-14 00:00:00.000000000,2021-11-14 23:12:25.000000000
49,112076,2021-11-14T01:04:09Z,2021-11-30 07:40:48.000000000,2021-11-14 00:00:00.000000000,2021-11-14 01:04:09.000000000
50,112076,2021-11-14T08:57:59Z,2021-12-02 00:00:00.000000000,2021-11-14 00:00:00.000000000,2021-11-14 08:57:59.000000000
51,112076,2021-11-15T01:04:32Z,2021-12-02 20:09:36.000000000,2021-11-15 00:00:00.000000000,2021-11-15 01:04:32.000000000
27,119839,2021-11-15T20:27:10Z,2021-12-25 12:28:48.000000000,2021-11-15 00:00:00.000000000,2021-11-15 20:27:10.000000000
52,112076,2021-11-15T09:07:01Z,2021-12-02 20:09:36.000000000,2021-11-15 00:00:00.000000000,2021-11-15 09:07:01.000000000
7,109742,2021-11-16T16:19:21Z,2022-01-28 02:52:48.000000000,2021-11-16 00:00:00.000000000,2021-11-16 16:19:21.000000000
41,100345,2021-11-16T20:04:48Z,2021-12-06 04:48:00.000000000,2021-11-16 00:00:00.000000000,2021-11-16 20:04:48.000000000
42,100345,2021-11-16T20:06:20Z,2021-12-11 05:45:36.000000000,2021-11-16 00:00:00.000000000,2021-11-16 20:06:20.000000000
71,112197,2021-11-17T16:20:29Z,2021-11-16 00:57:36.000000000,2021-11-17 00:00:00.000000000,2021-11-17 16:20:29.000000000
70,112197,2021-11-17T16:18:51Z,2021-11-16 00:57:36.000000000,2021-11-17 00:00:00.000000000,2021-11-17 16:18:51.000000000
53,112076,2021-11-18T01:13:22Z,2021-12-15 10:33:36.000000000,2021-11-18 00:00:00.000000000,2021-11-18 01:13:22.000000000
72,112197,2021-11-18T19:36:57Z,2021-11-16 00:57:36.000000000,2021-11-18 00:00:00.000000000,2021-11-18 19:36:57.000000000
23,117522,2021-11-19T21:37:49Z,2021-11-19 09:36:00.000000000,2021-11-19 00:00:00.000000000,2021-11-19 21:37:49.000000000
54,112076,2021-11-20T00:49:53Z,2021-12-12 01:55:12.000000000,2021-11-20 00:00:00.000000000,2021-11-20 00:49:53.000000000
64,112705,2021-11-20T02:25:34Z,2021-12-13 18:14:24.000000000,2021-11-20 00:00:00.000000000,2021-11-20 02:25:34.000000000
31,118777,2021-11-22T01:42:37Z,2021-12-06 04:48:00.000000000,2021-11-22 00:00:00.000000000,2021-11-22 01:42:37.000000000
30,118777,2021-11-22T01:41:10Z,2021-12-17 23:02:24.000000000,2021-11-22 00:00:00.000000000,2021-11-22 01:41:10.000000000
29,118777,2021-11-22T01:39:45Z,2022-01-13 20:09:36.000000000,2021-11-22 00:00:00.000000000,2021-11-22 01:39:45.000000000
63,117502,2021-11-22T19:21:05Z,2021-12-23 00:00:00.000000000,2021-11-22 00:00:00.000000000,2021-11-22 19:21:05.000000000
38,116023,2021-11-23T06:29:38Z,2021-12-26 08:38:24.000000000,2021-11-23 00:00:00.000000000,2021-11-23 06:29:38.000000000
39,116023,2021-11-23T06:32:38Z,2021-12-28 21:07:11.999999999,2021-11-23 00:00:00.000000000,2021-11-23 06:32:38.000000000
55,112076,2021-11-23T00:51:03Z,2021-12-16 06:43:12.000000000,2021-11-23 00:00:00.000000000,2021-11-23 00:51:03.000000000
57,112076,2021-11-24T16:52:53Z,2021-12-19 15:21:36.000000000,2021-11-24 00:00:00.000000000,2021-11-24 16:52:53.000000000
56,112076,2021-11-24T08:50:53Z,2021-12-15 10:33:36.000000000,2021-11-24 00:00:00.000000000,2021-11-24 08:50:53.000000000
77,114156,2021-11-24T01:59:12Z,2021-12-24 16:19:12.000000000,2021-11-24 00:00:00.000000000,2021-11-24 01:59:12.000000000
8,109742,2021-11-24T15:41:15Z,2022-01-28 23:02:24.000000000,2021-11-24 00:00:00.000000000,2021-11-24 15:41:15.000000000
9,109742,2021-11-24T15:41:25Z,2022-01-28 02:52:48.000000000,2021-11-24 00:00:00.000000000,2021-11-24 15:41:25.000000000
43,119005,2021-11-25T20:12:21Z,2021-12-22 03:50:24.000000000,2021-11-25 00:00:00.000000000,2021-11-25 20:12:21.000000000
32,118777,2021-11-28T15:26:15Z,2021-12-24 16:19:12.000000000,2021-11-28 00:00:00.000000000,2021-11-28 15:26:15.000000000
10,109742,2021-11-29T18:25:15Z,2022-01-28 02:52:48.000000000,2021-11-29 00:00:00.000000000,2021-11-29 18:25:15.000000000
78,114156,2021-11-29T19:02:31Z,2021-12-24 16:19:12.000000000,2021-11-29 00:00:00.000000000,2021-11-29 19:02:31.000000000
66,117938,2021-11-29T19:30:05Z,2021-12-17 23:02:24.000000000,2021-11-29 00:00:00.000000000,2021-11-29 19:30:05.000000000
3,111805,2021-11-30T00:01:19Z,2021-12-19 15:21:36.000000000,2021-11-30 00:00:00.000000000,2021-11-30 00:01:19.000000000
58,112076,2021-11-30T09:24:03Z,2021-12-18 19:12:00.000000000,2021-11-30 00:00:00.000000000,2021-11-30 09:24:03.000000000
59,112076,2021-11-30T17:03:12Z,2021-12-20 11:31:12.000000000,2021-11-30 00:00:00.000000000,2021-11-30 17:03:12.000000000
1,115866,2021-11-30T17:48:18Z,2021-12-12 01:55:12.000000000,2021-11-30 00:00:00.000000000,2021-11-30 17:48:18.000000000
11,109742,2021-11-30T18:48:59Z,2022-01-28 02:52:48.000000000,2021-11-30 00:00:00.000000000,2021-11-30 18:48:59.000000000
12,109742,2021-12-01T23:45:27Z,2022-01-28 23:02:24.000000000,2021-12-01 00:00:00.000000000,2021-12-01 23:45:27.000000000
13,109742,2021-12-01T23:45:43Z,2022-01-28 23:02:24.000000000,2021-12-01 00:00:00.000000000,2021-12-01 23:45:43.000000000
14,109742,2021-12-01T23:47:40Z,2022-01-28 23:02:24.000000000,2021-12-01 00:00:00.000000000,2021-12-01 23:47:40.000000000
15,109742,2021-12-01T23:49:15Z,2022-01-28 23:02:24.000000000,2021-12-01 00:00:00.000000000,2021-12-01 23:49:15.000000000
60,112076,2021-12-01T00:59:54Z,2021-12-21 07:40:48.000000000,2021-12-01 00:00:00.000000000,2021-12-01 00:59:54.000000000
75,107445,2021-12-02T19:14:58Z,2021-12-12 22:04:48.000000000,2021-12-02 00:00:00.000000000,2021-12-02 19:14:58.000000000
40,116023,2021-12-02T17:37:39Z,2022-01-01 05:45:36.000000000,2021-12-02 00:00:00.000000000,2021-12-02 17:37:39.000000000
33,118777,2021-12-02T16:11:51Z,2021-12-21 07:40:48.000000000,2021-12-02 00:00:00.000000000,2021-12-02 16:11:51.000000000
21,112033,2021-12-02T17:07:27Z,2021-11-16 21:07:12.000000000,2021-12-02 00:00:00.000000000,2021-12-02 17:07:27.000000000
19,109742,2021-12-02T17:37:38Z,2022-01-28 23:02:24.000000000,2021-12-02 00:00:00.000000000,2021-12-02 17:37:38.000000000
18,109742,2021-12-02T17:28:32Z,2022-01-28 23:02:24.000000000,2021-12-02 00:00:00.000000000,2021-12-02 17:28:32.000000000
17,109742,2021-12-02T17:28:17Z,2022-01-28 02:52:48.000000000,2021-12-02 00:00:00.000000000,2021-12-02 17:28:17.000000000
16,109742,2021-12-02T17:28:14Z,2022-01-28 23:02:24.000000000,2021-12-02 00:00:00.000000000,2021-12-02 17:28:14.000000000
4,111805,2021-12-02T20:54:41Z,2021-12-25 12:28:48.000000000,2021-12-02 00:00:00.000000000,2021-12-02 20:54:41.000000000
65,112705,2021-12-02T06:25:19Z,2021-12-26 08:38:24.000000000,2021-12-02 00:00:00.000000000,2021-12-02 06:25:19.000000000
61,112076,2021-12-03T09:01:33Z,2021-12-23 20:09:36.000000000,2021-12-03 00:00:00.000000000,2021-12-03 09:01:33.000000000
79,114156,2021-12-03T16:57:57Z,2021-12-25 12:28:48.000000000,2021-12-03 00:00:00.000000000,2021-12-03 16:57:57.000000000
35,118777,2021-12-03T16:23:11Z,2022-01-06 06:43:12.000000000,2021-12-03 00:00:00.000000000,2021-12-03 16:23:11.000000000
34,118777,2021-12-03T16:22:44Z,2022-01-06 06:43:12.000000000,2021-12-03 00:00:00.000000000,2021-12-03 16:22:44.000000000
26,101956,2021-12-03T07:10:01Z,2022-01-30 15:21:36.000000000,2021-12-03 00:00:00.000000000,2021-12-03 07:10:01.000000000
2,103777,2021-12-03T15:22:02Z,2021-12-17 02:52:48.000000000,2021-12-03 00:00:00.000000000,2021-12-03 15:22:02.000000000
80,114156,2021-12-03T16:58:16Z,2021-12-27 04:48:00.000000000,2021-12-03 00:00:00.000000000,2021-12-03 16:58:16.000000000
